simtime,x,y,z,course,climb,v,windX,windY,turn
0.089177300175,2498.66,2482.5,300,119.25,2.93117,10.4207,-0,-0,-7.5
0.189177300175,2499.53,2482.01,300.293,118.5,2.92929,10.4202,-0,-0,-7.5
0.289177300175,2500.41,2481.53,300.586,117.75,2.92719,10.4196,-0,-0,-7.5
0.389177300175,2501.3,2481.07,300.879,116.25,2.92324,10.4185,-0,-0,-15
0.489177300175,2502.19,2480.62,301.171,114.75,2.92077,10.4178,-0,-0,-15
0.589177300175,2503.1,2480.2,301.463,113.25,2.91814,10.4171,-0,-0,-15
0.689177300175,2504.02,2479.81,301.755,111.75,2.91536,10.4163,-0,-0,-15
0.789177300175,2504.95,2479.44,302.047,110.25,2.91244,10.4155,-0,-0,-15
0.889177300175,2505.89,2479.09,302.338,108.75,2.90937,10.4146,-0,-0,-15
0.989177300175,2506.83,2478.77,302.629,106.25,2.90226,10.4126,-0,-0,-25
1.089177300175,2507.79,2478.49,302.919,103.75,2.89899,10.4117,-0,-0,-25
1.189177300175,2508.77,2478.25,303.209,101.25,2.89567,10.4108,-0,-0,-25
1.289177300175,2509.75,2478.06,303.498,97.75,2.88647,10.4083,-0,-0,-35
1.389177300175,2510.74,2477.92,303.787,94.25,2.88318,10.4073,-0,-0,-35
1.489177300175,2511.73,2477.85,304.075,90.75,2.87995,10.4064,-0,-0,-35
1.589177300175,2512.73,2477.84,304.363,87.25,2.87682,10.4056,-0,-0,-35
1.689177300175,2513.73,2477.88,304.651,83.75,2.87379,10.4047,-0,-0,-35
1.789177300175,2514.73,2477.99,304.938,80.25,2.87087,10.4039,-0,-0,-35
1.889177300175,2515.71,2478.16,305.225,76.75,2.86808,10.4032,-0,-0,-35
1.989177300175,2516.69,2478.39,305.512,73.25,2.86542,10.4024,-0,-0,-35
2.089177300175,2517.64,2478.68,305.799,69.75,2.86291,10.4017,-0,-0,-35
2.189177300175,2518.58,2479.03,306.085,65.25,2.85278,10.399,-0,-0,-45
2.289177300175,2519.49,2479.45,306.37,60.75,2.85072,10.3984,-0,-0,-45
2.389177300175,2520.36,2479.93,306.655,55.25,2.83925,10.3953,-0,-0,-55
2.489177300175,2521.18,2480.5,306.939,48.75,2.82628,10.3917,-0,-0,-65
2.589177300175,2521.94,2481.16,307.222,42.25,2.82557,10.3915,-0,-0,-65
2.689177300175,2522.61,2481.9,307.505,35.75,2.82548,10.3915,-0,-0,-65
2.789177300175,2523.19,2482.71,307.787,29.25,2.82601,10.3916,-0,-0,-65
2.889177300175,2523.68,2483.59,308.07,24.75,2.84854,10.3978,-0,-0,-45
2.989177300175,2524.1,2484.5,308.355,20.25,2.85001,10.3982,-0,-0,-45
3.089177300175,2524.45,2485.43,308.64,15.75,2.85181,10.3987,-0,-0,-45
3.189177300175,2524.72,2486.4,308.925,11.25,2.85392,10.3993,-0,-0,-45
3.289177300175,2524.91,2487.38,309.21,8.75,2.86995,10.4037,-0,-0,-25
3.389177300175,2525.06,2488.37,309.497,6.25,2.87241,10.4044,-0,-0,-25
3.489177300175,2525.17,2489.36,309.784,3.75,2.87492,10.4051,-0,-0,-25
3.589177300175,2525.24,2490.36,310.072,1.25,2.87745,10.4058,-0,-0,-25
3.689177300175,2525.26,2491.36,310.36,-1.25,2.88001,10.4065,-0,-0,-25
3.789177300175,2525.24,2492.36,310.648,-1.75,2.88844,10.4088,-0,-0,-5
3.889177300175,2525.21,2493.36,310.936,-2.25,2.89081,10.4095,-0,-0,-5
3.989177300175,2525.17,2494.36,311.226,-2.75,2.89298,10.4101,-0,-0,-5
4.089177300175,2525.12,2495.35,311.515,-3.25,2.89493,10.4106,-0,-0,-5
4.189177300175,2525.06,2496.35,311.804,-3.75,2.89666,10.4111,-0,-0,-5
4.289177300175,2525,2497.35,312.094,-4.25,2.89819,10.4115,-0,-0,-5
4.389177300175,2524.92,2498.35,312.384,-4.75,2.8995,10.4119,-0,-0,-5
4.489177300175,2524.84,2499.34,312.674,-5.25,2.9006,10.4122,-0,-0,-5
4.589177300175,2524.75,2500.34,312.964,-5.75,2.90148,10.4124,-0,-0,-5
4.689177300175,2524.65,2501.34,313.254,-6.25,2.90215,10.4126,-0,-0,-5
4.789177300175,2524.54,2502.33,313.544,-6.75,2.90261,10.4127,-0,-0,-5
4.889177300175,2524.42,2503.32,313.834,-7.25,2.90286,10.4128,-0,-0,-5
4.989177300175,2524.3,2504.31,314.125,-7.75,2.90289,10.4128,-0,-0,-5
5.089177300175,2524.16,2505.31,314.415,-8.25,2.90271,10.4128,-0,-0,-5
5.189177300175,2524.02,2506.29,314.705,-8.75,2.90232,10.4127,-0,-0,-5
5.289177300175,2523.87,2507.28,314.996,-9.25,2.90172,10.4125,-0,-0,-5
5.389177300175,2523.71,2508.27,315.286,-9.75,2.90091,10.4123,-0,-0,-5
5.489177300175,2523.54,2509.26,315.576,-10.25,2.89988,10.412,-0,-0,-5
5.589177300175,2523.36,2510.24,315.866,-10.75,2.89865,10.4116,-0,-0,-5
5.689177300175,2523.17,2511.22,316.156,-11.25,2.89721,10.4112,-0,-0,-5
5.789177300175,2522.98,2512.2,316.445,-12.75,2.89361,10.4102,-0,-0,-15
5.889177300175,2522.76,2513.18,316.735,-14.25,2.89186,10.4097,-0,-0,-15
5.989177300175,2522.51,2514.15,317.024,-15.75,2.89002,10.4092,-0,-0,-15
6.089177300175,2522.24,2515.11,317.313,-17.25,2.8881,10.4087,-0,-0,-15
6.189177300175,2521.94,2516.06,317.602,-18.75,2.88608,10.4081,-0,-0,-15
6.289177300175,2521.62,2517.01,317.89,-20.25,2.88398,10.4076,-0,-0,-15
6.389177300175,2521.28,2517.95,318.179,-21.75,2.8818,10.407,-0,-0,-15
6.489177300175,2520.9,2518.88,318.467,-23.25,2.87953,10.4063,-0,-0,-15
6.589177300175,2520.51,2519.8,318.755,-24.75,2.87719,10.4057,-0,-0,-15
6.689177300175,2520.09,2520.71,319.043,-26.25,2.87476,10.405,-0,-0,-15
6.789177300175,2519.65,2521.6,319.33,-27.75,2.87226,10.4043,-0,-0,-15
6.889177300175,2519.18,2522.49,319.617,-29.25,2.86968,10.4036,-0,-0,-15
6.989177300175,2518.69,2523.36,319.904,-30.75,2.86703,10.4029,-0,-0,-15
7.089177300175,2518.18,2524.22,320.191,-32.25,2.86431,10.4021,-0,-0,-15
7.189177300175,2517.65,2525.07,320.477,-33.75,2.86152,10.4014,-0,-0,-15
7.289177300175,2517.09,2525.9,320.764,-35.25,2.85866,10.4006,-0,-0,-15
7.389177300175,2516.52,2526.71,321.049,-36.75,2.85574,10.3998,-0,-0,-15
7.489177300175,2515.92,2527.51,321.335,-38.25,2.85276,10.399,-0,-0,-15
7.589177300175,2515.3,2528.3,321.62,-40.75,2.84583,10.3971,-0,-0,-25
7.689177300175,2514.65,2529.06,321.905,-43.25,2.84287,10.3962,-0,-0,-25
7.789177300175,2513.96,2529.79,322.189,-45.75,2.83999,10.3955,-0,-0,-25
7.889177300175,2513.25,2530.48,322.473,-48.25,2.83721,10.3947,-0,-0,-25
7.989177300175,2512.5,2531.15,322.757,-51.75,2.82869,10.3924,-0,-0,-35
8.089177300175,2511.71,2531.77,323.04,-56.25,2.81848,10.3896,-0,-0,-45
8.189177300175,2510.88,2532.32,323.322,-60.75,2.81646,10.3891,-0,-0,-45
8.289177300175,2510.01,2532.81,323.603,-66.25,2.80515,10.386,-0,-0,-55
8.389177300175,2509.09,2533.22,323.884,-71.75,2.80415,10.3857,-0,-0,-55
8.489177300175,2508.15,2533.53,324.164,-78.25,2.79208,10.3825,-0,-0,-65
8.589177300175,2507.17,2533.73,324.443,-84.75,2.79245,10.3826,-0,-0,-65
8.689177300175,2506.17,2533.82,324.723,268.75,2.79358,10.3829,-0,-0,-65
8.789177300175,2505.17,2533.8,325.002,262.25,2.79546,10.3834,-0,-0,-65
8.889177300175,2504.18,2533.67,325.282,255.75,2.79807,10.3841,-0,-0,-65
8.989177300175,2503.21,2533.42,325.561,249.25,2.80138,10.385,-0,-0,-65
9.089177300175,2502.28,2533.07,325.841,242.75,2.80535,10.386,-0,-0,-65
9.189177300175,2501.39,2532.61,326.122,238.25,2.83131,10.3931,-0,-0,-45
9.289177300175,2500.54,2532.08,326.405,235.75,2.84981,10.3981,-0,-0,-25
9.389177300175,2499.71,2531.52,326.69,233.25,2.85473,10.3995,-0,-0,-25
9.489177300175,2498.91,2530.92,326.976,230.75,2.85969,10.4009,-0,-0,-25
9.589177300175,2498.13,2530.29,327.262,228.25,2.86467,10.4022,-0,-0,-25
9.689177300175,2497.39,2529.62,327.548,227.75,2.87549,10.4052,-0,-0,-5
9.789177300175,2496.65,2528.95,327.836,227.25,2.88027,10.4065,-0,-0,-5
9.889177300175,2495.91,2528.27,328.124,226.75,2.88484,10.4078,-0,-0,-5
9.989177300175,2495.18,2527.59,328.412,226.25,2.8892,10.409,-0,-0,-5
10.089177300175,2494.46,2526.9,328.701,225.75,2.89334,10.4102,-0,-0,-5
10.189177300175,2493.75,2526.2,328.99,225.25,2.89727,10.4113,-0,-0,-5
10.289177300175,2493.04,2525.49,329.28,224.75,2.90099,10.4123,-0,-0,-5
10.389177300175,2492.33,2524.78,329.57,224.25,2.90449,10.4133,-0,-0,-5
10.489177300175,2491.63,2524.07,329.861,223.75,2.90778,10.4142,-0,-0,-5
10.589177300175,2490.94,2523.34,330.151,223.25,2.91086,10.415,-0,-0,-5
10.689177300175,2490.26,2522.62,330.442,222.75,2.91373,10.4158,-0,-0,-5
10.789177300175,2489.58,2521.88,330.734,222.25,2.91637,10.4166,-0,-0,-5
10.889177300175,2488.91,2521.14,331.025,221.75,2.91881,10.4173,-0,-0,-5
10.989177300175,2488.24,2520.4,331.317,221.25,2.92103,10.4179,-0,-0,-5
11.089177300175,2487.58,2519.64,331.609,220.75,2.92304,10.4185,-0,-0,-5
11.189177300175,2486.93,2518.89,331.902,220.25,2.92483,10.419,-0,-0,-5
11.289177300175,2486.28,2518.12,332.194,219.75,2.92641,10.4194,-0,-0,-5
11.389177300175,2485.64,2517.35,332.487,219.25,2.92777,10.4198,-0,-0,-5
11.489177300175,2485.01,2516.58,332.78,218.75,2.92892,10.4201,-0,-0,-5
11.589177300175,2484.38,2515.8,333.073,218.25,2.92986,10.4204,-0,-0,-5
11.689177300175,2483.76,2515.01,333.366,217.75,2.93058,10.4206,-0,-0,-5
11.789177300175,2483.15,2514.22,333.659,217.25,2.93109,10.4207,-0,-0,-5
11.889177300175,2482.55,2513.43,333.952,216.75,2.93138,10.4208,-0,-0,-5
11.989177300175,2481.95,2512.63,334.245,216.25,2.93146,10.4208,-0,-0,-5
12.089177300175,2481.36,2511.82,334.538,215.75,2.93133,10.4208,-0,-0,-5
12.189177300175,2480.77,2511.01,334.831,215.25,2.93099,10.4207,-0,-0,-5
12.289177300175,2480.2,2510.19,335.124,213.75,2.92848,10.42,-0,-0,-15
12.389177300175,2479.64,2509.36,335.417,212.25,2.92781,10.4198,-0,-0,-15
12.489177300175,2479.11,2508.51,335.71,210.75,2.92703,10.4196,-0,-0,-15
12.589177300175,2478.6,2507.66,336.003,209.25,2.92614,10.4193,-0,-0,-15
12.689177300175,2478.11,2506.78,336.295,206.75,2.92126,10.418,-0,-0,-25
12.789177300175,2477.66,2505.89,336.587,204.25,2.92025,10.4177,-0,-0,-25
12.889177300175,2477.25,2504.98,336.879,201.75,2.91924,10.4174,-0,-0,-25
12.989177300175,2476.88,2504.05,337.171,199.25,2.91824,10.4171,-0,-0,-25
13.089177300175,2476.55,2503.11,337.463,196.75,2.91723,10.4168,-0,-0,-25
13.189177300175,2476.26,2502.15,337.755,194.25,2.91623,10.4165,-0,-0,-25
13.289177300175,2476.01,2501.18,338.046,191.75,2.91523,10.4163,-0,-0,-25
13.389177300175,2475.81,2500.2,338.338,188.25,2.90841,10.4144,-0,-0,-35
13.489177300175,2475.66,2499.21,338.629,184.75,2.90753,10.4141,-0,-0,-35
13.589177300175,2475.58,2498.21,338.92,181.25,2.90679,10.4139,-0,-0,-35
13.689177300175,2475.56,2497.21,339.21,177.75,2.90616,10.4137,-0,-0,-35
13.789177300175,2475.6,2496.21,339.501,173.25,2.89789,10.4114,-0,-0,-45
13.889177300175,2475.72,2495.22,339.791,168.75,2.89764,10.4114,-0,-0,-45
13.989177300175,2475.91,2494.24,340.08,164.25,2.89763,10.4114,-0,-0,-45
14.089177300175,2476.18,2493.28,340.37,159.75,2.89786,10.4114,-0,-0,-45
14.189177300175,2476.53,2492.34,340.66,155.25,2.89834,10.4116,-0,-0,-45
14.289177300175,2476.95,2491.43,340.95,150.75,2.89906,10.4118,-0,-0,-45
14.389177300175,2477.44,2490.56,341.24,146.25,2.90002,10.412,-0,-0,-45
14.489177300175,2477.99,2489.73,341.53,143.75,2.91482,10.4162,-0,-0,-25
14.589177300175,2478.58,2488.92,341.821,141.25,2.91602,10.4165,-0,-0,-25
14.689177300175,2479.21,2488.14,342.113,140.75,2.92306,10.4185,-0,-0,-5
14.789177300175,2479.84,2487.37,342.405,140.25,2.92406,10.4187,-0,-0,-5
14.889177300175,2480.48,2486.6,342.697,139.75,2.92485,10.419,-0,-0,-5
14.989177300175,2481.13,2485.83,342.99,139.25,2.92544,10.4191,-0,-0,-5
15.089177300175,2481.78,2485.08,343.283,138.75,2.92581,10.4192,-0,-0,-5
15.189177300175,2482.44,2484.33,343.575,138.25,2.92598,10.4193,-0,-0,-5
15.289177300175,2483.11,2483.58,343.868,136.75,2.924,10.4187,-0,-0,-15
15.389177300175,2483.79,2482.85,344.16,135.25,2.92386,10.4187,-0,-0,-15
15.489177300175,2484.5,2482.14,344.452,133.75,2.92362,10.4186,-0,-0,-15
15.589177300175,2485.22,2481.45,344.745,131.25,2.91939,10.4174,-0,-0,-25
15.689177300175,2485.97,2480.79,345.037,127.75,2.91322,10.4157,-0,-0,-35
15.789177300175,2486.76,2480.18,345.328,124.25,2.913,10.4156,-0,-0,-35
15.889177300175,2487.59,2479.61,345.619,120.75,2.9129,10.4156,-0,-0,-35
15.989177300175,2488.45,2479.1,345.911,117.25,2.91292,10.4156,-0,-0,-35
16.089177300175,2489.33,2478.65,346.202,113.75,2.91305,10.4157,-0,-0,-35
16.189177300175,2490.25,2478.24,346.493,110.25,2.9133,10.4157,-0,-0,-35
16.289177300175,2491.19,2477.9,346.785,108.75,2.92339,10.4186,-0,-0,-15
16.389177300175,2492.14,2477.58,347.077,107.25,2.92366,10.4186,-0,-0,-15
16.489177300175,2493.09,2477.28,347.369,105.75,2.92383,10.4187,-0,-0,-15
16.589177300175,2494.05,2477.01,347.662,104.25,2.9239,10.4187,-0,-0,-15
16.689177300175,2495.02,2476.76,347.954,102.75,2.92387,10.4187,-0,-0,-15
16.789177300175,2496,2476.54,348.246,101.25,2.92375,10.4187,-0,-0,-15
16.889177300175,2496.98,2476.35,348.539,98.75,2.91963,10.4175,-0,-0,-25
16.989177300175,2497.97,2476.19,348.831,96.25,2.91942,10.4174,-0,-0,-25
17.089177300175,2498.96,2476.08,349.123,93.75,2.91921,10.4174,-0,-0,-25
17.189177300175,2499.96,2476.02,349.415,91.25,2.91901,10.4173,-0,-0,-25
17.289177300175,2500.96,2476,349.707,88.75,2.91883,10.4173,-0,-0,-25
17.389177300175,2501.96,2476.02,349.998,86.25,2.91865,10.4172,-0,-0,-25
17.489177300175,2502.96,2476.08,350.29,83.75,2.91849,10.4172,-0,-0,-25
17.589177300175,2503.95,2476.19,350.582,81.25,2.91834,10.4171,-0,-0,-25
17.689177300175,2504.94,2476.35,350.874,78.75,2.9182,10.4171,-0,-0,-25
17.789177300175,2505.92,2476.54,351.166,76.25,2.91808,10.4171,-0,-0,-25
17.889177300175,2506.89,2476.78,351.458,73.75,2.91796,10.417,-0,-0,-25
17.989177300175,2507.85,2477.06,351.749,70.25,2.91203,10.4154,-0,-0,-35
18.089177300175,2508.79,2477.4,352.041,66.75,2.91205,10.4154,-0,-0,-35
18.189177300175,2509.71,2477.79,352.332,63.25,2.9122,10.4154,-0,-0,-35
18.289177300175,2510.6,2478.24,352.623,59.75,2.91247,10.4155,-0,-0,-35
18.389177300175,2511.47,2478.74,352.914,58.25,2.92258,10.4183,-0,-0,-15
18.489177300175,2512.32,2479.27,353.207,56.75,2.92287,10.4184,-0,-0,-15
18.589177300175,2513.15,2479.82,353.499,55.25,2.92307,10.4185,-0,-0,-15
18.689177300175,2513.98,2480.39,353.791,53.75,2.92317,10.4185,-0,-0,-15
18.789177300175,2514.78,2480.98,354.083,52.25,2.92317,10.4185,-0,-0,-15
18.889177300175,2515.57,2481.59,354.376,50.75,2.92308,10.4185,-0,-0,-15
18.989177300175,2516.35,2482.23,354.668,49.25,2.9229,10.4184,-0,-0,-15
19.089177300175,2517.1,2482.88,354.96,47.75,2.92262,10.4183,-0,-0,-15
19.189177300175,2517.84,2483.55,355.253,45.25,2.91835,10.4171,-0,-0,-25
19.289177300175,2518.56,2484.25,355.544,42.75,2.91799,10.417,-0,-0,-25
19.389177300175,2519.23,2484.99,355.836,39.25,2.9118,10.4153,-0,-0,-35
19.489177300175,2519.87,2485.76,356.127,35.75,2.91158,10.4152,-0,-0,-35
19.589177300175,2520.45,2486.57,356.419,31.25,2.9037,10.413,-0,-0,-45
19.689177300175,2520.97,2487.43,356.709,26.75,2.90383,10.4131,-0,-0,-45
19.789177300175,2521.42,2488.32,356.999,24.25,2.91781,10.417,-0,-0,-25
19.889177300175,2521.83,2489.23,357.291,21.75,2.9182,10.4171,-0,-0,-25
19.989177300175,2522.2,2490.16,357.583,21.25,2.92443,10.4188,-0,-0,-5
20.089177300175,2522.56,2491.1,357.875,20.75,2.92462,10.4189,-0,-0,-5
20.189177300175,2522.92,2492.03,358.168,20.25,2.92461,10.4189,-0,-0,-5
20.289177300175,2523.26,2492.97,358.46,19.75,2.9244,10.4188,-0,-0,-5
20.389177300175,2523.6,2493.91,358.753,19.25,2.92399,10.4187,-0,-0,-5
20.489177300175,2523.93,2494.85,359.045,18.75,2.92337,10.4185,-0,-0,-5
20.589177300175,2524.25,2495.8,359.338,18.25,2.92256,10.4183,-0,-0,-5
20.689177300175,2524.57,2496.75,359.63,17.75,2.92154,10.418,-0,-0,-5
20.789177300175,2524.87,2497.7,359.922,17.25,2.92032,10.4177,-0,-0,-5
20.889177300175,2525.17,2498.66,360.214,16.75,2.91891,10.4173,-0,-0,-5
20.989177300175,2525.46,2499.62,360.506,16.25,2.91729,10.4168,-0,-0,-5
21.089177300175,2525.74,2500.58,360.798,14.75,2.91353,10.4158,-0,-0,-15
21.189177300175,2525.99,2501.54,361.089,12.25,2.90773,10.4142,-0,-0,-25
21.289177300175,2526.2,2502.52,361.38,9.75,2.90585,10.4136,-0,-0,-25
21.389177300175,2526.37,2503.51,361.67,6.25,2.89815,10.4115,-0,-0,-35
21.489177300175,2526.48,2504.5,361.96,2.75,2.89644,10.411,-0,-0,-35
21.589177300175,2526.53,2505.5,362.25,-0.75,2.89488,10.4106,-0,-0,-35
21.689177300175,2526.52,2506.5,362.539,-5.25,2.88569,10.408,-0,-0,-45
21.789177300175,2526.42,2507.49,362.828,-9.75,2.88456,10.4077,-0,-0,-45
21.889177300175,2526.25,2508.48,363.116,-14.25,2.88372,10.4075,-0,-0,-45
21.989177300175,2526.01,2509.45,363.405,-18.75,2.88317,10.4073,-0,-0,-45
22.089177300175,2525.69,2510.4,363.693,-23.25,2.88291,10.4073,-0,-0,-45
22.189177300175,2525.29,2511.31,363.981,-27.75,2.88295,10.4073,-0,-0,-45
22.289177300175,2524.83,2512.2,364.27,-32.25,2.88329,10.4074,-0,-0,-45
22.389177300175,2524.29,2513.05,364.558,-36.75,2.88392,10.4075,-0,-0,-45
22.489177300175,2523.69,2513.85,364.846,-39.25,2.89845,10.4116,-0,-0,-25
22.589177300175,2523.06,2514.62,365.136,-41.75,2.89942,10.4118,-0,-0,-25
22.689177300175,2522.4,2515.37,365.426,-44.25,2.90043,10.4121,-0,-0,-25
22.789177300175,2521.7,2516.08,365.716,-46.75,2.90148,10.4124,-0,-0,-25
22.889177300175,2520.97,2516.77,366.006,-47.25,2.9084,10.4144,-0,-0,-5
22.989177300175,2520.24,2517.45,366.297,-47.75,2.9093,10.4146,-0,-0,-5
23.089177300175,2519.5,2518.12,366.588,-48.25,2.91,10.4148,-0,-0,-5
23.189177300175,2518.75,2518.79,366.879,-48.75,2.9105,10.4149,-0,-0,-5
23.289177300175,2518,2519.44,367.17,-49.25,2.91081,10.415,-0,-0,-5
23.389177300175,2517.24,2520.1,367.461,-49.75,2.91093,10.4151,-0,-0,-5
23.489177300175,2516.48,2520.74,367.752,-50.25,2.91084,10.415,-0,-0,-5
23.589177300175,2515.71,2521.38,368.043,-50.75,2.91057,10.415,-0,-0,-5
23.689177300175,2514.93,2522.02,368.334,-52.25,2.90815,10.4143,-0,-0,-15
23.789177300175,2514.14,2522.63,368.625,-54.75,2.90372,10.413,-0,-0,-25
23.889177300175,2513.33,2523.21,368.916,-58.25,2.89737,10.4113,-0,-0,-35
23.989177300175,2512.48,2523.73,369.205,-61.75,2.89702,10.4112,-0,-0,-35
24.089177300175,2511.59,2524.2,369.495,-65.25,2.89683,10.4111,-0,-0,-35
24.189177300175,2510.69,2524.62,369.785,-68.75,2.8968,10.4111,-0,-0,-35
24.289177300175,2509.75,2524.99,370.074,-70.25,2.90665,10.4139,-0,-0,-15
24.389177300175,2508.81,2525.32,370.365,-71.75,2.90671,10.4139,-0,-0,-15
24.489177300175,2507.86,2525.64,370.656,-74.25,2.90279,10.4128,-0,-0,-25
24.589177300175,2506.9,2525.91,370.946,-76.75,2.90281,10.4128,-0,-0,-25
24.689177300175,2505.93,2526.14,371.236,-77.25,2.9087,10.4144,-0,-0,-5
24.789177300175,2504.95,2526.36,371.527,-77.75,2.90857,10.4144,-0,-0,-5
24.889177300175,2503.98,2526.57,371.818,-78.25,2.90824,10.4143,-0,-0,-5
24.989177300175,2503,2526.77,372.109,-78.75,2.90772,10.4142,-0,-0,-5
25.089177300175,2502.02,2526.97,372.4,-80.25,2.90507,10.4134,-0,-0,-15
25.189177300175,2501.03,2527.14,372.69,-82.75,2.90039,10.4121,-0,-0,-25
25.289177300175,2500.04,2527.26,372.98,-85.25,2.89965,10.4119,-0,-0,-25
25.389177300175,2499.04,2527.35,373.27,-87.75,2.89895,10.4117,-0,-0,-25
25.489177300175,2498.04,2527.39,373.56,269.75,2.8983,10.4115,-0,-0,-25
25.589177300175,2497.04,2527.38,373.85,267.25,2.89769,10.4114,-0,-0,-25
25.689177300175,2496.04,2527.33,374.14,264.75,2.89714,10.4112,-0,-0,-25
25.789177300175,2495.05,2527.24,374.429,261.25,2.8908,10.4095,-0,-0,-35
25.889177300175,2494.06,2527.09,374.718,257.75,2.89046,10.4094,-0,-0,-35
25.989177300175,2493.08,2526.88,375.007,253.25,2.88252,10.4072,-0,-0,-45
26.089177300175,2492.12,2526.59,375.296,250.75,2.89627,10.411,-0,-0,-25
26.189177300175,2491.18,2526.26,375.585,248.25,2.89645,10.411,-0,-0,-25
26.289177300175,2490.25,2525.89,375.875,247.75,2.90252,10.4127,-0,-0,-5
26.389177300175,2489.33,2525.51,376.165,247.25,2.90256,10.4127,-0,-0,-5
26.489177300175,2488.4,2525.12,376.455,246.75,2.90242,10.4127,-0,-0,-5
26.589177300175,2487.48,2524.73,376.746,246.25,2.90208,10.4126,-0,-0,-5
26.689177300175,2486.57,2524.33,377.036,244.75,2.89961,10.4119,-0,-0,-15
26.789177300175,2485.67,2523.9,377.326,242.25,2.89512,10.4107,-0,-0,-25
26.889177300175,2484.78,2523.44,377.615,239.75,2.89458,10.4105,-0,-0,-25
26.989177300175,2483.92,2522.93,377.905,237.25,2.89409,10.4104,-0,-0,-25
27.089177300175,2483.08,2522.39,378.194,234.75,2.89365,10.4102,-0,-0,-25
27.189177300175,2482.26,2521.81,378.484,232.25,2.89327,10.4101,-0,-0,-25
27.289177300175,2481.47,2521.2,378.773,229.75,2.89294,10.41,-0,-0,-25
27.389177300175,2480.7,2520.55,379.062,226.25,2.88683,10.4084,-0,-0,-35
27.489177300175,2479.98,2519.86,379.351,222.75,2.88674,10.4083,-0,-0,-35
27.589177300175,2479.3,2519.13,379.64,219.25,2.88683,10.4084,-0,-0,-35
27.689177300175,2478.67,2518.35,379.928,215.75,2.88709,10.4084,-0,-0,-35
27.789177300175,2478.09,2517.54,380.217,212.25,2.88753,10.4085,-0,-0,-35
27.889177300175,2477.55,2516.7,380.506,208.75,2.88815,10.4087,-0,-0,-35
27.989177300175,2477.07,2515.82,380.795,205.25,2.88893,10.4089,-0,-0,-35
28.089177300175,2476.65,2514.92,381.083,201.75,2.88989,10.4092,-0,-0,-35
28.189177300175,2476.27,2513.99,381.372,198.25,2.89101,10.4095,-0,-0,-35
28.289177300175,2475.96,2513.04,381.662,196.75,2.90201,10.4126,-0,-0,-15
28.389177300175,2475.67,2512.08,381.952,195.25,2.90322,10.4129,-0,-0,-15
28.489177300175,2475.41,2511.12,382.242,193.75,2.90435,10.4132,-0,-0,-15
28.589177300175,2475.17,2510.14,382.533,192.25,2.9054,10.4135,-0,-0,-15
28.689177300175,2474.96,2509.17,382.823,190.75,2.90638,10.4138,-0,-0,-15
28.789177300175,2474.77,2508.18,383.114,189.25,2.90727,10.414,-0,-0,-15
28.889177300175,2474.61,2507.2,383.404,187.75,2.90809,10.4143,-0,-0,-15
28.989177300175,2474.48,2506.21,383.695,186.25,2.90883,10.4145,-0,-0,-15
29.089177300175,2474.37,2505.21,383.986,184.75,2.90949,10.4147,-0,-0,-15
29.189177300175,2474.29,2504.22,384.277,183.25,2.91006,10.4148,-0,-0,-15
29.289177300175,2474.23,2503.22,384.568,181.75,2.91056,10.415,-0,-0,-15
29.389177300175,2474.2,2502.22,384.859,180.25,2.91097,10.4151,-0,-0,-15
29.489177300175,2474.2,2501.22,385.15,178.75,2.91131,10.4152,-0,-0,-15
29.589177300175,2474.22,2500.22,385.441,177.25,2.91156,10.4152,-0,-0,-15
29.689177300175,2474.27,2499.22,385.732,175.75,2.91173,10.4153,-0,-0,-15
29.789177300175,2474.34,2498.22,386.024,174.25,2.91182,10.4153,-0,-0,-15
29.889177300175,2474.44,2497.23,386.315,172.75,2.91183,10.4153,-0,-0,-15
29.989177300175,2474.57,2496.23,386.606,171.25,2.91175,10.4153,-0,-0,-15
30.089177300175,2474.72,2495.25,386.897,169.75,2.9116,10.4152,-0,-0,-15
30.189177300175,2474.9,2494.26,387.188,168.25,2.91136,10.4152,-0,-0,-15
30.289177300175,2475.1,2493.28,387.48,166.75,2.91104,10.4151,-0,-0,-15
30.389177300175,2475.33,2492.31,387.771,165.25,2.91064,10.415,-0,-0,-15
30.489177300175,2475.58,2491.34,388.062,162.75,2.90627,10.4138,-0,-0,-25
30.589177300175,2475.88,2490.39,388.352,160.25,2.90582,10.4136,-0,-0,-25
30.689177300175,2476.22,2489.45,388.643,157.75,2.9054,10.4135,-0,-0,-25
30.789177300175,2476.6,2488.52,388.933,155.25,2.90502,10.4134,-0,-0,-25
30.889177300175,2477.01,2487.61,389.224,152.75,2.90466,10.4133,-0,-0,-25
30.989177300175,2477.47,2486.72,389.514,149.25,2.89851,10.4116,-0,-0,-35
31.089177300175,2477.98,2485.86,389.804,144.75,2.89056,10.4094,-0,-0,-45
31.189177300175,2478.56,2485.05,390.093,140.25,2.89064,10.4094,-0,-0,-45
31.289177300175,2479.2,2484.28,390.382,137.75,2.90459,10.4133,-0,-0,-25
31.389177300175,2479.87,2483.54,390.673,135.25,2.90497,10.4134,-0,-0,-25
31.489177300175,2480.58,2482.83,390.963,132.75,2.90537,10.4135,-0,-0,-25
31.589177300175,2481.31,2482.15,391.254,130.25,2.90581,10.4136,-0,-0,-25
31.689177300175,2482.07,2481.5,391.544,127.75,2.90627,10.4138,-0,-0,-25
31.789177300175,2482.87,2480.89,391.835,125.25,2.90676,10.4139,-0,-0,-25
31.889177300175,2483.68,2480.31,392.126,124.75,2.91311,10.4157,-0,-0,-5
31.989177300175,2484.5,2479.74,392.417,124.25,2.91344,10.4158,-0,-0,-5
32.089177300175,2485.33,2479.18,392.708,123.75,2.91357,10.4158,-0,-0,-5
32.189177300175,2486.16,2478.63,393,123.25,2.91351,10.4158,-0,-0,-5
32.289177300175,2487,2478.08,393.291,122.75,2.91326,10.4157,-0,-0,-5
32.389177300175,2487.84,2477.54,393.582,122.25,2.91282,10.4156,-0,-0,-5
32.489177300175,2488.68,2477,393.874,121.75,2.91219,10.4154,-0,-0,-5
32.589177300175,2489.53,2476.48,394.165,121.25,2.91136,10.4152,-0,-0,-5
32.689177300175,2490.39,2475.96,394.456,120.75,2.91035,10.4149,-0,-0,-5
32.789177300175,2491.25,2475.45,394.747,120.25,2.90914,10.4146,-0,-0,-5
32.889177300175,2492.11,2474.94,395.038,119.75,2.90775,10.4142,-0,-0,-5
32.989177300175,2492.98,2474.45,395.329,119.25,2.90616,10.4137,-0,-0,-5
33.089177300175,2493.85,2473.96,395.619,118.75,2.90439,10.4132,-0,-0,-5
33.189177300175,2494.73,2473.48,395.91,118.25,2.90243,10.4127,-0,-0,-5
33.289177300175,2495.61,2473,396.2,117.75,2.90027,10.4121,-0,-0,-5
33.389177300175,2496.5,2472.54,396.49,117.25,2.89793,10.4114,-0,-0,-5
33.489177300175,2497.39,2472.08,396.78,116.75,2.89541,10.4107,-0,-0,-5
33.589177300175,2498.28,2471.63,397.069,115.25,2.89075,10.4094,-0,-0,-15
33.689177300175,2499.18,2471.2,397.359,112.75,2.88407,10.4076,-0,-0,-25
33.789177300175,2500.11,2470.82,397.647,110.25,2.88132,10.4068,-0,-0,-25
33.889177300175,2501.04,2470.47,397.935,107.75,2.87861,10.4061,-0,-0,-25
33.989177300175,2502,2470.17,398.223,104.25,2.87013,10.4037,-0,-0,-35
34.089177300175,2502.96,2469.92,398.51,100.75,2.86765,10.403,-0,-0,-35
34.189177300175,2503.95,2469.73,398.797,97.25,2.86536,10.4024,-0,-0,-35
34.289177300175,2504.94,2469.61,399.083,93.75,2.86326,10.4018,-0,-0,-35
34.389177300175,2505.94,2469.54,399.37,90.25,2.86136,10.4013,-0,-0,-35
34.489177300175,2506.94,2469.54,399.656,86.75,2.85966,10.4009,-0,-0,-35
34.589177300175,2507.94,2469.59,399.942,83.25,2.85818,10.4004,-0,-0,-35
34.689177300175,2508.93,2469.71,400.227,78.75,2.84914,10.398,-0,-0,-45
34.789177300175,2509.91,2469.91,400.512,74.25,2.84823,10.3977,-0,-0,-45
34.889177300175,2510.87,2470.18,400.797,69.75,2.84767,10.3976,-0,-0,-45
34.989177300175,2511.81,2470.52,401.082,64.25,2.83776,10.3948,-0,-0,-55
35.089177300175,2512.71,2470.96,401.366,58.75,2.83806,10.3949,-0,-0,-55
35.189177300175,2513.57,2471.48,401.65,53.25,2.83885,10.3951,-0,-0,-55
35.289177300175,2514.37,2472.08,401.933,47.75,2.84012,10.3955,-0,-0,-55
35.389177300175,2515.11,2472.75,402.217,42.25,2.84187,10.396,-0,-0,-55
35.489177300175,2515.78,2473.49,402.502,36.75,2.84406,10.3966,-0,-0,-55
35.589177300175,2516.38,2474.29,402.786,31.25,2.84669,10.3973,-0,-0,-55
35.689177300175,2516.9,2475.14,403.071,27.75,2.86722,10.4029,-0,-0,-35
35.789177300175,2517.36,2476.03,403.357,24.25,2.87041,10.4038,-0,-0,-35
35.889177300175,2517.77,2476.94,403.644,20.75,2.87373,10.4047,-0,-0,-35
35.989177300175,2518.13,2477.88,403.932,17.25,2.87719,10.4057,-0,-0,-35
36.089177300175,2518.42,2478.83,404.22,13.75,2.88076,10.4067,-0,-0,-35
36.189177300175,2518.66,2479.8,404.508,10.25,2.88443,10.4077,-0,-0,-35
36.289177300175,2518.84,2480.79,404.796,6.75,2.88819,10.4087,-0,-0,-35
36.389177300175,2518.96,2481.78,405.085,5.25,2.90175,10.4125,-0,-0,-15
36.489177300175,2519.05,2482.78,405.375,3.75,2.90547,10.4135,-0,-0,-15
36.589177300175,2519.11,2483.77,405.666,2.25,2.90908,10.4145,-0,-0,-15
36.689177300175,2519.15,2484.77,405.957,0.75,2.91256,10.4155,-0,-0,-15
36.789177300175,2519.17,2485.77,406.248,-0.75,2.91593,10.4165,-0,-0,-15
36.889177300175,2519.15,2486.77,406.539,-2.25,2.91918,10.4174,-0,-0,-15
36.989177300175,2519.11,2487.77,406.831,-3.75,2.92229,10.4182,-0,-0,-15
37.089177300175,2519.05,2488.77,407.124,-5.25,2.92529,10.4191,-0,-0,-15
37.189177300175,2518.96,2489.77,407.416,-6.75,2.92815,10.4199,-0,-0,-15
37.289177300175,2518.84,2490.76,407.709,-8.25,2.93088,10.4207,-0,-0,-15
37.389177300175,2518.7,2491.75,408.002,-9.75,2.93347,10.4214,-0,-0,-15
37.489177300175,2518.53,2492.73,408.295,-11.25,2.93594,10.4221,-0,-0,-15
37.589177300175,2518.33,2493.71,408.589,-12.75,2.93826,10.4227,-0,-0,-15
37.689177300175,2518.11,2494.69,408.883,-14.25,2.94045,10.4234,-0,-0,-15
37.789177300175,2517.86,2495.66,409.177,-15.75,2.94249,10.4239,-0,-0,-15
37.889177300175,2517.59,2496.62,409.471,-17.25,2.9444,10.4245,-0,-0,-15
37.989177300175,2517.3,2497.58,409.765,-18.75,2.94616,10.425,-0,-0,-15
38.089177300175,2516.98,2498.52,410.06,-20.25,2.94777,10.4254,-0,-0,-15
38.189177300175,2516.63,2499.46,410.355,-21.75,2.94925,10.4258,-0,-0,-15
38.289177300175,2516.26,2500.39,410.65,-23.25,2.95057,10.4262,-0,-0,-15
38.389177300175,2515.86,2501.31,410.945,-24.75,2.95175,10.4265,-0,-0,-15
38.489177300175,2515.45,2502.22,411.24,-26.25,2.95278,10.4268,-0,-0,-15
38.589177300175,2515,2503.11,411.535,-27.75,2.95366,10.4271,-0,-0,-15
38.689177300175,2514.54,2504,411.831,-29.25,2.95439,10.4273,-0,-0,-15
38.789177300175,2514.05,2504.87,412.126,-30.75,2.95497,10.4275,-0,-0,-15
38.889177300175,2513.54,2505.73,412.422,-32.25,2.9554,10.4276,-0,-0,-15
38.989177300175,2513,2506.58,412.717,-33.75,2.95568,10.4277,-0,-0,-15
39.089177300175,2512.45,2507.41,413.013,-35.25,2.95581,10.4277,-0,-0,-15
39.189177300175,2511.87,2508.23,413.308,-36.75,2.95579,10.4277,-0,-0,-15
39.289177300175,2511.27,2509.03,413.604,-38.25,2.95561,10.4276,-0,-0,-15
39.389177300175,2510.65,2509.81,413.899,-40.75,2.9514,10.4264,-0,-0,-25
39.489177300175,2510,2510.57,414.195,-43.25,2.95099,10.4263,-0,-0,-25
39.589177300175,2509.32,2511.3,414.49,-45.75,2.95048,10.4262,-0,-0,-25
39.689177300175,2508.6,2512,414.785,-48.25,2.94989,10.426,-0,-0,-25
39.789177300175,2507.85,2512.66,415.08,-50.75,2.94922,10.4258,-0,-0,-25
39.889177300175,2507.08,2513.29,415.375,-53.25,2.94845,10.4256,-0,-0,-25
39.989177300175,2506.28,2513.89,415.669,-55.75,2.9476,10.4254,-0,-0,-25
40.089177300175,2505.45,2514.46,415.964,-58.25,2.94667,10.4251,-0,-0,-25
40.189177300175,2504.6,2514.98,416.259,-60.75,2.94565,10.4248,-0,-0,-25
40.289177300175,2503.73,2515.47,416.553,-63.25,2.94455,10.4245,-0,-0,-25
40.389177300175,2502.84,2515.92,416.848,-66.75,2.93754,10.4225,-0,-0,-35
40.489177300175,2501.92,2516.32,417.142,-71.25,2.92858,10.42,-0,-0,-45
40.589177300175,2500.97,2516.64,417.435,-76.75,2.91773,10.417,-0,-0,-55
40.689177300175,2500,2516.87,417.726,-82.25,2.91673,10.4167,-0,-0,-55
40.789177300175,2499.01,2517,418.018,-88.75,2.90422,10.4132,-0,-0,-65
40.889177300175,2498.01,2517.02,418.308,263.75,2.88997,10.4092,-0,-0,-75
40.989177300175,2497.01,2516.91,418.597,256.25,2.88964,10.4091,-0,-0,-75
41.089177300175,2496.04,2516.68,418.886,248.75,2.8896,10.4091,-0,-0,-75
41.189177300175,2495.11,2516.31,419.175,243.25,2.91514,10.4162,-0,-0,-55
41.289177300175,2494.22,2515.86,419.467,237.75,2.91554,10.4164,-0,-0,-55
41.389177300175,2493.37,2515.33,419.758,232.25,2.91609,10.4165,-0,-0,-55
41.489177300175,2492.58,2514.72,420.05,228.75,2.93427,10.4216,-0,-0,-35
41.589177300175,2491.83,2514.06,420.343,227.25,2.94467,10.4245,-0,-0,-15
41.689177300175,2491.09,2513.38,420.638,225.75,2.9452,10.4247,-0,-0,-15
41.789177300175,2490.38,2512.68,420.932,224.25,2.94559,10.4248,-0,-0,-15
41.889177300175,2489.68,2511.97,421.227,222.75,2.94584,10.4249,-0,-0,-15
41.989177300175,2489,2511.23,421.522,221.25,2.94595,10.4249,-0,-0,-15
42.089177300175,2488.34,2510.48,421.816,218.75,2.94202,10.4238,-0,-0,-25
42.189177300175,2487.71,2509.7,422.11,216.25,2.94191,10.4238,-0,-0,-25
42.289177300175,2487.12,2508.89,422.405,213.75,2.94173,10.4237,-0,-0,-25
42.389177300175,2486.57,2508.06,422.699,211.25,2.94146,10.4236,-0,-0,-25
42.489177300175,2486.05,2507.21,422.993,208.75,2.94112,10.4235,-0,-0,-25
42.589177300175,2485.57,2506.33,423.287,206.25,2.94071,10.4234,-0,-0,-25
42.689177300175,2485.13,2505.43,423.581,203.75,2.94022,10.4233,-0,-0,-25
42.789177300175,2484.72,2504.52,423.875,200.25,2.93382,10.4215,-0,-0,-35
42.889177300175,2484.38,2503.58,424.168,196.75,2.93324,10.4213,-0,-0,-35
42.989177300175,2484.09,2502.62,424.462,193.25,2.93266,10.4212,-0,-0,-35
43.089177300175,2483.86,2501.65,424.755,189.75,2.93207,10.421,-0,-0,-35
43.189177300175,2483.69,2500.66,425.048,186.25,2.93148,10.4208,-0,-0,-35
43.289177300175,2483.58,2499.67,425.341,181.75,2.92311,10.4185,-0,-0,-45
43.389177300175,2483.55,2498.67,425.634,177.25,2.92259,10.4183,-0,-0,-45
43.489177300175,2483.6,2497.67,425.926,172.75,2.92213,10.4182,-0,-0,-45
43.589177300175,2483.72,2496.68,426.218,168.25,2.92175,10.4181,-0,-0,-45
43.689177300175,2483.93,2495.7,426.51,163.75,2.92143,10.418,-0,-0,-45
43.789177300175,2484.21,2494.74,426.803,159.25,2.92119,10.4179,-0,-0,-45
43.889177300175,2484.56,2493.8,427.095,153.75,2.9113,10.4152,-0,-0,-55
43.989177300175,2485,2492.91,427.386,148.25,2.91127,10.4152,-0,-0,-55
44.089177300175,2485.53,2492.06,427.677,142.75,2.91138,10.4152,-0,-0,-55
44.189177300175,2486.14,2491.26,427.968,137.25,2.91162,10.4153,-0,-0,-55
44.289177300175,2486.81,2490.53,428.259,131.75,2.912,10.4154,-0,-0,-55
44.389177300175,2487.56,2489.86,428.55,126.25,2.9125,10.4155,-0,-0,-55
44.489177300175,2488.37,2489.27,428.842,122.75,2.93062,10.4206,-0,-0,-35
44.589177300175,2489.21,2488.73,429.135,119.25,2.93123,10.4208,-0,-0,-35
44.689177300175,2490.08,2488.24,429.428,115.75,2.93182,10.4209,-0,-0,-35
44.789177300175,2490.98,2487.81,429.721,112.25,2.93238,10.4211,-0,-0,-35
44.889177300175,2491.91,2487.43,430.014,110.75,2.94265,10.424,-0,-0,-15
44.989177300175,2492.84,2487.07,430.308,109.25,2.94304,10.4241,-0,-0,-15
45.089177300175,2493.79,2486.74,430.603,107.75,2.94329,10.4242,-0,-0,-15
45.189177300175,2494.74,2486.44,430.897,106.25,2.94339,10.4242,-0,-0,-15
45.289177300175,2495.7,2486.16,431.191,104.75,2.94334,10.4242,-0,-0,-15
45.389177300175,2496.67,2485.9,431.486,102.25,2.93925,10.423,-0,-0,-25
45.489177300175,2497.64,2485.69,431.78,98.75,2.93313,10.4213,-0,-0,-35
45.589177300175,2498.63,2485.54,432.073,94.25,2.92504,10.419,-0,-0,-45
45.689177300175,2499.63,2485.46,432.366,89.75,2.92476,10.4189,-0,-0,-45
45.789177300175,2500.63,2485.47,432.658,85.25,2.92452,10.4189,-0,-0,-45
45.889177300175,2501.63,2485.55,432.95,80.75,2.9243,10.4188,-0,-0,-45
45.989177300175,2502.61,2485.71,433.243,75.25,2.9144,10.416,-0,-0,-55
46.089177300175,2503.58,2485.97,433.534,69.75,2.91431,10.416,-0,-0,-55
46.189177300175,2504.52,2486.31,433.826,64.25,2.91432,10.416,-0,-0,-55
46.289177300175,2505.42,2486.75,434.117,60.75,2.93191,10.4209,-0,-0,-35
46.389177300175,2506.29,2487.24,434.41,57.25,2.93197,10.421,-0,-0,-35
46.489177300175,2507.13,2487.78,434.704,55.75,2.94171,10.4237,-0,-0,-15
46.589177300175,2507.96,2488.34,434.998,54.25,2.94159,10.4237,-0,-0,-15
46.689177300175,2508.77,2488.92,435.292,52.75,2.94131,10.4236,-0,-0,-15
46.789177300175,2509.57,2489.53,435.586,51.25,2.94089,10.4235,-0,-0,-15
46.889177300175,2510.35,2490.16,435.88,49.75,2.94032,10.4233,-0,-0,-15
46.989177300175,2511.11,2490.8,436.174,48.25,2.9396,10.4231,-0,-0,-15
47.089177300175,2511.86,2491.47,436.468,46.75,2.93873,10.4229,-0,-0,-15
47.189177300175,2512.58,2492.15,436.762,45.25,2.93771,10.4226,-0,-0,-15
47.289177300175,2513.29,2492.86,437.056,42.75,2.93266,10.4212,-0,-0,-25
47.389177300175,2513.97,2493.59,437.349,40.25,2.93141,10.4208,-0,-0,-25
47.489177300175,2514.62,2494.35,437.642,37.75,2.93007,10.4204,-0,-0,-25
47.589177300175,2515.23,2495.15,437.935,34.25,2.92282,10.4184,-0,-0,-35
47.689177300175,2515.79,2495.97,438.227,30.75,2.92139,10.418,-0,-0,-35
47.789177300175,2516.3,2496.83,438.52,26.25,2.91216,10.4154,-0,-0,-45
47.889177300175,2516.75,2497.73,438.811,21.75,2.91078,10.415,-0,-0,-45
47.989177300175,2517.12,2498.66,439.102,16.25,2.89973,10.4119,-0,-0,-55
48.089177300175,2517.4,2499.62,439.392,10.75,2.89855,10.4116,-0,-0,-55
48.189177300175,2517.58,2500.6,439.682,5.25,2.89751,10.4113,-0,-0,-55
48.289177300175,2517.68,2501.6,439.971,-0.25,2.89663,10.4111,-0,-0,-55
48.389177300175,2517.67,2502.6,440.261,-5.75,2.89591,10.4109,-0,-0,-55
48.489177300175,2517.57,2503.59,440.551,-11.25,2.89536,10.4107,-0,-0,-55
48.589177300175,2517.38,2504.57,440.84,-16.75,2.89497,10.4106,-0,-0,-55
48.689177300175,2517.09,2505.53,441.13,-23.25,2.88309,10.4073,-0,-0,-65
48.789177300175,2516.69,2506.45,441.418,-27.75,2.9045,10.4133,-0,-0,-45
48.889177300175,2516.23,2507.33,441.709,-32.25,2.90462,10.4133,-0,-0,-45
48.989177300175,2515.69,2508.18,441.999,-36.75,2.90483,10.4134,-0,-0,-45
49.089177300175,2515.1,2508.98,442.289,-41.25,2.90512,10.4134,-0,-0,-45
49.189177300175,2514.44,2509.73,442.58,-45.75,2.9055,10.4135,-0,-0,-45
49.289177300175,2513.72,2510.43,442.871,-50.25,2.90596,10.4137,-0,-0,-45
49.389177300175,2512.95,2511.07,443.161,-54.75,2.90649,10.4138,-0,-0,-45
49.489177300175,2512.13,2511.65,443.452,-59.25,2.9071,10.414,-0,-0,-45
49.589177300175,2511.27,2512.16,443.742,-63.75,2.90777,10.4142,-0,-0,-45
49.689177300175,2510.38,2512.6,444.033,-66.25,2.92211,10.4182,-0,-0,-25
49.789177300175,2509.46,2513,444.325,-66.75,2.9286,10.42,-0,-0,-5
49.889177300175,2508.54,2513.4,444.618,-67.25,2.92905,10.4201,-0,-0,-5
49.989177300175,2507.62,2513.78,444.911,-67.75,2.9293,10.4202,-0,-0,-5
50.089177300175,2506.7,2514.16,445.204,-68.25,2.92934,10.4202,-0,-0,-5
50.189177300175,2505.77,2514.53,445.497,-68.75,2.92919,10.4202,-0,-0,-5
50.289177300175,2504.84,2514.9,445.79,-70.25,2.92689,10.4195,-0,-0,-15
50.389177300175,2503.89,2515.23,446.083,-71.75,2.92639,10.4194,-0,-0,-15
50.489177300175,2502.94,2515.55,446.375,-73.25,2.92576,10.4192,-0,-0,-15
50.589177300175,2501.99,2515.83,446.668,-74.75,2.92498,10.419,-0,-0,-15
50.689177300175,2501.02,2516.1,446.96,-76.25,2.92408,10.4187,-0,-0,-15
50.789177300175,2500.05,2516.34,447.253,-78.75,2.91914,10.4174,-0,-0,-25
50.889177300175,2499.07,2516.53,447.545,-82.25,2.91219,10.4154,-0,-0,-35
50.989177300175,2498.08,2516.66,447.836,-85.75,2.91107,10.4151,-0,-0,-35
51.089177300175,2497.08,2516.74,448.127,-89.25,2.90995,10.4148,-0,-0,-35
51.189177300175,2496.08,2516.75,448.418,267.25,2.90884,10.4145,-0,-0,-35
51.289177300175,2495.08,2516.7,448.709,263.75,2.90773,10.4142,-0,-0,-35
51.389177300175,2494.09,2516.6,449,260.25,2.90663,10.4139,-0,-0,-35
51.489177300175,2493.1,2516.43,449.29,256.75,2.90554,10.4136,-0,-0,-35
51.589177300175,2492.13,2516.2,449.581,252.25,2.89669,10.4111,-0,-0,-45
51.689177300175,2491.18,2515.89,449.871,247.75,2.89571,10.4108,-0,-0,-45
51.789177300175,2490.25,2515.51,450.16,243.25,2.89482,10.4106,-0,-0,-45
51.889177300175,2489.36,2515.06,450.45,238.75,2.89403,10.4104,-0,-0,-45
51.989177300175,2488.5,2514.54,450.739,234.25,2.89335,10.4102,-0,-0,-45
52.089177300175,2487.69,2513.96,451.028,229.75,2.89277,10.41,-0,-0,-45
52.189177300175,2486.93,2513.31,451.318,225.25,2.89229,10.4099,-0,-0,-45
52.289177300175,2486.22,2512.61,451.607,220.75,2.89192,10.4098,-0,-0,-45
52.389177300175,2485.57,2511.85,451.896,215.25,2.88193,10.407,-0,-0,-55
52.489177300175,2484.99,2511.04,452.184,208.75,2.87019,10.4037,-0,-0,-65
52.589177300175,2484.51,2510.16,452.471,202.25,2.87036,10.4038,-0,-0,-65
52.689177300175,2484.13,2509.23,452.758,195.75,2.87079,10.4039,-0,-0,-65
52.789177300175,2483.86,2508.27,453.045,189.25,2.87145,10.4041,-0,-0,-65
52.889177300175,2483.7,2507.28,453.333,182.75,2.87235,10.4043,-0,-0,-65
52.989177300175,2483.65,2506.29,453.62,178.25,2.89484,10.4106,-0,-0,-45
53.089177300175,2483.68,2505.29,453.909,175.75,2.90963,10.4147,-0,-0,-25
53.189177300175,2483.75,2504.29,454.2,173.25,2.91072,10.415,-0,-0,-25
53.289177300175,2483.87,2503.3,454.491,172.75,2.91758,10.4169,-0,-0,-5
53.389177300175,2484,2502.3,454.783,172.25,2.9184,10.4172,-0,-0,-5
53.489177300175,2484.13,2501.31,455.075,171.75,2.91902,10.4173,-0,-0,-5
53.589177300175,2484.28,2500.32,455.367,171.25,2.91944,10.4174,-0,-0,-5
53.689177300175,2484.43,2499.33,455.659,170.75,2.91966,10.4175,-0,-0,-5
53.789177300175,2484.59,2498.35,455.951,170.25,2.91968,10.4175,-0,-0,-5
53.889177300175,2484.76,2497.36,456.243,169.75,2.91949,10.4175,-0,-0,-5
53.989177300175,2484.94,2496.38,456.535,168.25,2.91717,10.4168,-0,-0,-15
54.089177300175,2485.14,2495.4,456.826,166.75,2.91664,10.4167,-0,-0,-15
54.189177300175,2485.37,2494.43,457.118,164.25,2.9121,10.4154,-0,-0,-25
54.289177300175,2485.64,2493.46,457.409,160.75,2.90553,10.4136,-0,-0,-35
54.389177300175,2485.97,2492.52,457.7,157.25,2.90479,10.4133,-0,-0,-35
54.489177300175,2486.36,2491.6,457.99,153.75,2.90404,10.4131,-0,-0,-35
54.589177300175,2486.8,2490.7,458.281,150.25,2.90328,10.4129,-0,-0,-35
54.689177300175,2487.3,2489.83,458.571,146.75,2.90252,10.4127,-0,-0,-35
54.789177300175,2487.84,2489,458.861,143.25,2.90175,10.4125,-0,-0,-35
54.889177300175,2488.44,2488.19,459.151,139.75,2.90098,10.4123,-0,-0,-35
54.989177300175,2489.09,2487.43,459.442,136.25,2.90021,10.4121,-0,-0,-35
55.089177300175,2489.78,2486.71,459.732,132.75,2.89945,10.4119,-0,-0,-35
55.189177300175,2490.51,2486.03,460.022,129.25,2.89868,10.4116,-0,-0,-35
55.289177300175,2491.29,2485.4,460.311,125.75,2.89792,10.4114,-0,-0,-35
55.389177300175,2492.1,2484.81,460.601,121.25,2.88939,10.4091,-0,-0,-45
55.489177300175,2492.96,2484.29,460.89,116.75,2.88872,10.4089,-0,-0,-45
55.589177300175,2493.85,2483.84,461.179,112.25,2.88813,10.4087,-0,-0,-45
55.689177300175,2494.77,2483.47,461.468,107.75,2.88761,10.4086,-0,-0,-45
55.789177300175,2495.73,2483.16,461.757,103.25,2.88718,10.4084,-0,-0,-45
55.889177300175,2496.7,2482.93,462.045,98.75,2.88683,10.4084,-0,-0,-45
55.989177300175,2497.69,2482.78,462.334,94.25,2.88656,10.4083,-0,-0,-45
56.089177300175,2498.69,2482.7,462.623,89.75,2.88638,10.4082,-0,-0,-45
56.189177300175,2499.69,2482.71,462.911,85.25,2.88628,10.4082,-0,-0,-45
56.289177300175,2500.68,2482.79,463.2,80.75,2.88626,10.4082,-0,-0,-45
56.389177300175,2501.67,2482.95,463.489,76.25,2.88632,10.4082,-0,-0,-45
56.489177300175,2502.64,2483.19,463.777,73.75,2.90006,10.412,-0,-0,-25
56.589177300175,2503.6,2483.47,464.067,71.25,2.90013,10.412,-0,-0,-25
56.689177300175,2504.55,2483.79,464.357,68.75,2.90014,10.4121,-0,-0,-25
56.789177300175,2505.48,2484.15,464.647,66.25,2.90009,10.412,-0,-0,-25
56.889177300175,2506.39,2484.56,464.937,62.75,2.89414,10.4104,-0,-0,-35
56.989177300175,2507.28,2485.01,465.227,59.25,2.89403,10.4104,-0,-0,-35
57.089177300175,2508.14,2485.53,465.516,55.75,2.89393,10.4103,-0,-0,-35
57.189177300175,2508.97,2486.09,465.805,52.25,2.89382,10.4103,-0,-0,-35
57.289177300175,2509.76,2486.7,466.095,48.75,2.89372,10.4103,-0,-0,-35
57.389177300175,2510.51,2487.36,466.384,45.25,2.89361,10.4102,-0,-0,-35
57.489177300175,2511.22,2488.06,466.674,40.75,2.88573,10.408,-0,-0,-45
57.589177300175,2511.87,2488.82,466.962,36.25,2.88569,10.408,-0,-0,-45
57.689177300175,2512.47,2489.63,467.251,33.75,2.89933,10.4118,-0,-0,-25
57.789177300175,2513.02,2490.46,467.541,31.25,2.89928,10.4118,-0,-0,-25
57.889177300175,2513.54,2491.31,467.831,28.75,2.89917,10.4118,-0,-0,-25
57.989177300175,2514.02,2492.19,468.12,26.25,2.89898,10.4117,-0,-0,-25
58.089177300175,2514.46,2493.09,468.41,23.75,2.89873,10.4117,-0,-0,-25
58.189177300175,2514.87,2494,468.7,21.25,2.89841,10.4116,-0,-0,-25
58.289177300175,2515.23,2494.94,468.99,18.75,2.89802,10.4115,-0,-0,-25
58.389177300175,2515.55,2495.88,469.28,16.25,2.89756,10.4113,-0,-0,-25
58.489177300175,2515.83,2496.84,469.57,13.75,2.89703,10.4112,-0,-0,-25
58.589177300175,2516.07,2497.81,469.859,11.25,2.89643,10.411,-0,-0,-25
58.689177300175,2516.26,2498.79,470.149,8.75,2.89576,10.4108,-0,-0,-25
58.789177300175,2516.42,2499.78,470.439,6.25,2.89503,10.4106,-0,-0,-25
58.889177300175,2516.52,2500.78,470.728,3.75,2.89423,10.4104,-0,-0,-25
58.989177300175,2516.59,2501.78,471.017,0.25,2.88754,10.4085,-0,-0,-35
59.089177300175,2516.59,2502.78,471.306,-3.25,2.88668,10.4083,-0,-0,-35
59.189177300175,2516.54,2503.77,471.595,-6.75,2.88582,10.4081,-0,-0,-35
59.289177300175,2516.42,2504.77,471.883,-10.25,2.88497,10.4078,-0,-0,-35
59.389177300175,2516.24,2505.75,472.172,-13.75,2.88413,10.4076,-0,-0,-35
59.489177300175,2516,2506.72,472.46,-17.25,2.88329,10.4074,-0,-0,-35
59.589177300175,2515.71,2507.68,472.749,-20.75,2.88247,10.4071,-0,-0,-35
59.689177300175,2515.35,2508.61,473.037,-25.25,2.87388,10.4048,-0,-0,-45
59.789177300175,2514.93,2509.52,473.324,-29.75,2.87316,10.4046,-0,-0,-45
59.889177300175,2514.43,2510.38,473.612,-35.25,2.8628,10.4017,-0,-0,-55
59.989177300175,2513.85,2511.2,473.898,-40.75,2.86232,10.4016,-0,-0,-55
60.089177300175,2513.2,2511.96,474.184,-46.25,2.862,10.4015,-0,-0,-55
60.189177300175,2512.48,2512.65,474.47,-51.75,2.86184,10.4014,-0,-0,-55
60.289177300175,2511.69,2513.27,474.757,-55.25,2.87935,10.4063,-0,-0,-35
60.389177300175,2510.87,2513.84,475.044,-58.75,2.87936,10.4063,-0,-0,-35
60.489177300175,2510.02,2514.36,475.332,-62.25,2.87939,10.4063,-0,-0,-35
60.589177300175,2509.13,2514.82,475.62,-65.75,2.87944,10.4063,-0,-0,-35
60.689177300175,2508.22,2515.23,475.908,-69.25,2.87949,10.4063,-0,-0,-35
60.789177300175,2507.28,2515.59,476.196,-72.75,2.87956,10.4063,-0,-0,-35
60.889177300175,2506.33,2515.89,476.484,-74.25,2.88936,10.4091,-0,-0,-15
60.989177300175,2505.37,2516.16,476.773,-75.75,2.88931,10.409,-0,-0,-15
61.089177300175,2504.4,2516.4,477.062,-77.25,2.88913,10.409,-0,-0,-15
61.189177300175,2503.42,2516.62,477.351,-78.75,2.88883,10.4089,-0,-0,-15
61.289177300175,2502.44,2516.82,477.64,-80.25,2.8884,10.4088,-0,-0,-15
61.389177300175,2501.46,2516.99,477.929,-81.75,2.88784,10.4086,-0,-0,-15
61.489177300175,2500.47,2517.13,478.217,-83.25,2.88716,10.4084,-0,-0,-15
61.589177300175,2499.47,2517.25,478.506,-84.75,2.88635,10.4082,-0,-0,-15
61.689177300175,2498.48,2517.34,478.795,-87.25,2.88153,10.4069,-0,-0,-25
61.789177300175,2497.48,2517.39,479.083,269.25,2.87471,10.405,-0,-0,-35
61.889177300175,2496.48,2517.38,479.37,265.75,2.87374,10.4047,-0,-0,-35
61.989177300175,2495.48,2517.3,479.658,262.25,2.87278,10.4045,-0,-0,-35
62.089177300175,2494.49,2517.17,479.945,258.75,2.87184,10.4042,-0,-0,-35
62.189177300175,2493.51,2516.97,480.232,255.25,2.87092,10.4039,-0,-0,-35
62.289177300175,2492.54,2516.72,480.519,251.75,2.87002,10.4037,-0,-0,-35
62.389177300175,2491.59,2516.4,480.806,248.25,2.86915,10.4035,-0,-0,-35
62.489177300175,2490.66,2516.03,481.093,244.75,2.8683,10.4032,-0,-0,-35
62.589177300175,2489.76,2515.61,481.38,241.25,2.86748,10.403,-0,-0,-35
62.689177300175,2488.88,2515.13,481.667,237.75,2.86669,10.4028,-0,-0,-35
62.789177300175,2488.04,2514.59,481.954,234.25,2.86593,10.4026,-0,-0,-35
62.889177300175,2487.23,2514.01,482.24,230.75,2.8652,10.4024,-0,-0,-35
62.989177300175,2486.45,2513.38,482.527,227.25,2.86451,10.4022,-0,-0,-35
63.089177300175,2485.72,2512.7,482.813,223.75,2.86385,10.402,-0,-0,-35
63.189177300175,2485.03,2511.97,483.099,220.25,2.86323,10.4018,-0,-0,-35
63.289177300175,2484.38,2511.21,483.386,216.75,2.86265,10.4017,-0,-0,-35
63.389177300175,2483.78,2510.41,483.672,212.25,2.85433,10.3994,-0,-0,-45
63.489177300175,2483.25,2509.56,483.958,207.75,2.8539,10.3993,-0,-0,-45
63.589177300175,2482.78,2508.68,484.243,203.25,2.85358,10.3992,-0,-0,-45
63.689177300175,2482.39,2507.76,484.528,198.75,2.85338,10.3991,-0,-0,-45
63.789177300175,2482.07,2506.81,484.814,194.25,2.8533,10.3991,-0,-0,-45
63.889177300175,2481.82,2505.84,485.099,191.75,2.86693,10.4029,-0,-0,-25
63.989177300175,2481.62,2504.86,485.386,189.25,2.86692,10.4028,-0,-0,-25
64.089177300175,2481.45,2503.88,485.672,186.75,2.86686,10.4028,-0,-0,-25
64.189177300175,2481.34,2502.88,485.959,184.25,2.86677,10.4028,-0,-0,-25
64.289177300175,2481.26,2501.89,486.246,181.75,2.86663,10.4028,-0,-0,-25
64.389177300175,2481.23,2500.89,486.532,178.25,2.86062,10.4011,-0,-0,-35
64.489177300175,2481.26,2499.89,486.818,174.75,2.86048,10.4011,-0,-0,-35
64.589177300175,2481.35,2498.89,487.104,171.25,2.86037,10.401,-0,-0,-35
64.689177300175,2481.51,2497.9,487.39,167.75,2.86029,10.401,-0,-0,-35
64.789177300175,2481.72,2496.93,487.677,164.25,2.86023,10.401,-0,-0,-35
64.889177300175,2481.99,2495.96,487.963,160.75,2.86021,10.401,-0,-0,-35
64.989177300175,2482.32,2495.02,488.249,157.25,2.86021,10.401,-0,-0,-35
65.089177300175,2482.71,2494.1,488.535,155.75,2.86996,10.4037,-0,-0,-15
65.189177300175,2483.12,2493.19,488.822,153.25,2.86598,10.4026,-0,-0,-25
65.289177300175,2483.57,2492.29,489.108,149.75,2.86001,10.4009,-0,-0,-35
65.389177300175,2484.07,2491.43,489.394,145.25,2.85211,10.3988,-0,-0,-45
65.489177300175,2484.64,2490.61,489.679,140.75,2.85209,10.3988,-0,-0,-45
65.589177300175,2485.27,2489.83,489.965,138.25,2.86577,10.4025,-0,-0,-25
65.689177300175,2485.94,2489.09,490.251,137.75,2.87162,10.4041,-0,-0,-5
65.789177300175,2486.61,2488.35,490.538,136.25,2.8695,10.4036,-0,-0,-15
65.889177300175,2487.3,2487.63,490.825,133.75,2.86532,10.4024,-0,-0,-25
65.989177300175,2488.03,2486.93,491.112,130.25,2.85914,10.4007,-0,-0,-35
66.089177300175,2488.79,2486.29,491.398,126.75,2.85881,10.4006,-0,-0,-35
66.189177300175,2489.59,2485.69,491.684,123.25,2.85851,10.4005,-0,-0,-35
66.289177300175,2490.43,2485.14,491.969,119.75,2.85821,10.4005,-0,-0,-35
66.389177300175,2491.3,2484.64,492.255,116.25,2.85794,10.4004,-0,-0,-35
66.489177300175,2492.19,2484.2,492.541,111.75,2.8499,10.3982,-0,-0,-45
66.589177300175,2493.12,2483.83,492.826,106.25,2.84001,10.3955,-0,-0,-55
66.689177300175,2494.08,2483.55,493.11,100.75,2.83999,10.3955,-0,-0,-55
66.789177300175,2495.06,2483.37,493.394,95.25,2.84012,10.3955,-0,-0,-55
66.889177300175,2496.06,2483.27,493.678,89.75,2.84039,10.3956,-0,-0,-55
66.989177300175,2497.06,2483.28,493.962,84.25,2.84079,10.3957,-0,-0,-55
67.089177300175,2498.05,2483.38,494.246,78.75,2.84133,10.3958,-0,-0,-55
67.189177300175,2499.04,2483.57,494.53,75.25,2.85949,10.4008,-0,-0,-35
67.289177300175,2500,2483.83,494.816,71.75,2.86014,10.401,-0,-0,-35
67.389177300175,2500.95,2484.14,495.102,68.25,2.86077,10.4012,-0,-0,-35
67.489177300175,2501.88,2484.51,495.388,64.75,2.86139,10.4013,-0,-0,-35
67.589177300175,2502.79,2484.94,495.675,61.25,2.86198,10.4015,-0,-0,-35
67.689177300175,2503.66,2485.42,495.961,57.75,2.86256,10.4016,-0,-0,-35
67.789177300175,2504.51,2485.95,496.247,54.25,2.8631,10.4018,-0,-0,-35
67.889177300175,2505.32,2486.54,496.533,52.75,2.87334,10.4046,-0,-0,-15
67.989177300175,2506.12,2487.14,496.821,51.25,2.87371,10.4047,-0,-0,-15
68.089177300175,2506.9,2487.77,497.108,49.75,2.87394,10.4048,-0,-0,-15
68.189177300175,2507.66,2488.41,497.395,48.25,2.87402,10.4048,-0,-0,-15
68.289177300175,2508.4,2489.08,497.683,46.75,2.87396,10.4048,-0,-0,-15
68.389177300175,2509.13,2489.77,497.97,45.25,2.87376,10.4047,-0,-0,-15
68.489177300175,2509.84,2490.47,498.258,42.75,2.86953,10.4036,-0,-0,-25
68.589177300175,2510.52,2491.2,498.544,40.25,2.8691,10.4034,-0,-0,-25
68.689177300175,2511.17,2491.97,498.831,37.75,2.86858,10.4033,-0,-0,-25
68.789177300175,2511.78,2492.76,499.118,35.25,2.86797,10.4031,-0,-0,-25
68.889177300175,2512.36,2493.57,499.405,31.75,2.86144,10.4013,-0,-0,-35
68.989177300175,2512.88,2494.43,499.691,28.25,2.8607,10.4011,-0,-0,-35
69.089177300175,2513.36,2495.31,499.977,24.75,2.85994,10.4009,-0,-0,-35
69.189177300175,2513.78,2496.21,500.263,20.25,2.85136,10.3986,-0,-0,-45
69.289177300175,2514.12,2497.15,500.548,14.75,2.84087,10.3957,-0,-0,-55
69.389177300175,2514.38,2498.12,500.832,8.25,2.82851,10.3923,-0,-0,-65
69.489177300175,2514.52,2499.11,501.115,0.75,2.81436,10.3885,-0,-0,-75
69.589177300175,2514.53,2500.11,501.397,-6.75,2.81401,10.3884,-0,-0,-75
69.689177300175,2514.42,2501.1,501.678,-14.25,2.81386,10.3884,-0,-0,-75
69.789177300175,2514.17,2502.07,501.96,-21.75,2.81391,10.3884,-0,-0,-75
69.889177300175,2513.8,2503,502.241,-29.25,2.81414,10.3884,-0,-0,-75
69.989177300175,2513.31,2503.87,502.522,-34.75,2.83983,10.3954,-0,-0,-55
70.089177300175,2512.74,2504.69,502.806,-40.25,2.8403,10.3955,-0,-0,-55
70.189177300175,2512.09,2505.46,503.09,-45.75,2.84082,10.3957,-0,-0,-55
70.289177300175,2511.38,2506.16,503.374,-51.25,2.84138,10.3958,-0,-0,-55
70.389177300175,2510.6,2506.78,503.659,-56.75,2.84198,10.396,-0,-0,-55
70.489177300175,2509.76,2507.33,503.943,-62.25,2.8426,10.3962,-0,-0,-55
70.589177300175,2508.88,2507.79,504.227,-67.75,2.84324,10.3963,-0,-0,-55
70.689177300175,2507.95,2508.17,504.511,-73.25,2.84389,10.3965,-0,-0,-55
70.789177300175,2506.99,2508.46,504.796,-78.75,2.84453,10.3967,-0,-0,-55
70.889177300175,2506.01,2508.66,505.08,-82.25,2.86267,10.4017,-0,-0,-35
70.989177300175,2505.02,2508.79,505.366,-85.75,2.86321,10.4018,-0,-0,-35
71.089177300175,2504.02,2508.87,505.653,-89.25,2.86365,10.4019,-0,-0,-35
71.189177300175,2503.02,2508.88,505.939,267.25,2.86399,10.402,-0,-0,-35
71.289177300175,2502.03,2508.83,506.226,263.75,2.86423,10.4021,-0,-0,-35
71.389177300175,2501.03,2508.72,506.512,260.25,2.86436,10.4021,-0,-0,-35
71.489177300175,2500.05,2508.55,506.798,256.75,2.86439,10.4021,-0,-0,-35
71.589177300175,2499.07,2508.32,507.085,253.25,2.86431,10.4021,-0,-0,-35
71.689177300175,2498.11,2508.04,507.371,249.75,2.86411,10.4021,-0,-0,-35
71.789177300175,2497.18,2507.69,507.658,246.25,2.86381,10.402,-0,-0,-35
71.889177300175,2496.26,2507.29,507.944,242.75,2.8634,10.4019,-0,-0,-35
71.989177300175,2495.37,2506.83,508.23,239.25,2.86288,10.4017,-0,-0,-35
72.089177300175,2494.51,2506.32,508.517,235.75,2.86225,10.4016,-0,-0,-35
72.189177300175,2493.69,2505.75,508.803,232.25,2.86151,10.4014,-0,-0,-35
72.289177300175,2492.9,2505.14,509.089,228.75,2.86066,10.4011,-0,-0,-35
72.389177300175,2492.14,2504.48,509.375,225.25,2.85971,10.4009,-0,-0,-35
72.489177300175,2491.43,2503.78,509.661,221.75,2.85865,10.4006,-0,-0,-35
72.589177300175,2490.77,2503.03,509.947,217.25,2.84971,10.3981,-0,-0,-45
72.689177300175,2490.16,2502.24,510.232,212.75,2.84849,10.3978,-0,-0,-45
72.789177300175,2489.62,2501.4,510.517,208.25,2.84721,10.3974,-0,-0,-45
